,Ações,Títulos Públicos,Fundos Imobiliários,Rendimento Ações,Rendimento Títulos Públicos,Rendimento Fundos Imobiliários
2022-01-01,-0.01733405181886881,-0.04889947639562589,0.5109668727065444,,,
2022-01-02,0.4350831332384028,-0.15932044993520666,-0.18974909013799113,-26.09990957594793,2.2581217975875516,-1.3713530177267808
2022-01-03,0.19622032793994654,-0.1012271047478564,0.15989861223784999,-0.5490049764065938,-0.36463206833131584,-1.8426844741208876
2022-01-04,0.02301900189154832,0.07281223874689166,-0.4025190219172874,-0.8826879858309414,-1.7192958736521953,-3.517339058068486
2022-01-05,0.10328882091845695,0.13637012441191856,0.19249694280404891,3.4871111877522627,0.8729011325412677,-1.4782306731422115
2022-01-06,-0.03400156797333173,-0.16746982102303354,0.15467569444915752,-1.3291892353014159,-2.228053591248296,-0.1964771377870209
2022-01-07,0.039958054293324344,0.12196998191058225,-0.31327349636992896,-2.1751826952411264,-1.728310218315733,-3.0253569734118964
2022-01-08,-0.40456528878423687,0.010230255862891315,0.2972110472769992,-11.124749463885337,-0.9161248062626488,-1.948727073055799
2022-01-09,0.1854898716006564,-0.09573522127367518,0.2808130192233673,-1.4584918102046616,-10.358047594971698,-0.05517300989942344
2022-01-10,0.11298597609160828,-0.10799702752722684,-0.13768831830055864,-0.39087792170745966,0.1280804085520337,-1.490320280310925
2022-01-11,-0.05079152309453683,0.020959077539454314,0.3497739542772617,-1.449538295384158,-1.1940708741652206,-3.540331370114807
2022-01-12,0.2093974729542537,0.14674762171067152,0.3503451634544991,-5.122685444272031,6.001625974923141,0.0016330809377093228
2022-01-13,0.33100123664284287,0.14435025114642056,-0.28660192480019403,0.5807317632489074,-0.01633669109116897,-1.818055890865513
2022-01-14,0.2303928844743906,0.19147313846859715,0.06871632345180052,-0.30395158999665833,0.3264482531061055,-1.2397622538638093
2022-01-15,-0.04546973245244089,0.039775483229044825,0.04561926910868322,-1.1973573643829052,-0.7922659880797417,-0.3361218002199754
2022-01-16,0.25528573303803176,-0.08252054896049951,0.6919190674732771,-6.614410274022354,-3.0746586153412565,14.167254561331333
2022-01-17,-0.028120460472377387,-0.012212114144054147,0.040783050563789225,-1.1101528868759307,-0.8520112348028637,-0.9410580623067389
2022-01-18,0.27602286333742815,-0.03846601809472444,0.4184216327910291,-10.815730564176368,2.1498246446912583,9.259694333962859
2022-01-19,0.09615521252734412,0.07111110712660393,0.26980603759627986,-0.6516404062883814,-2.848673469437085,-0.3551814331477738
2022-01-20,-0.08438158020520083,0.028572085488021988,-0.39980155320623106,-1.8775559638142845,-0.5982050253112616,-2.4818109956622543
2022-01-21,0.02550664126012918,0.04934865967340123,-0.08409384112333901,-1.3022773595623787,0.7271633774891655,-0.7896610444633251
2022-01-22,-0.22226600877732022,-0.11454452540220128,0.15805976067982785,-9.714044570217732,-3.321127385430094,-2.8795640509273954
2022-01-23,-0.11729010743392636,0.009964338678450937,0.44654092375268184,-0.47229849458702067,-1.0869909639370634,1.8251398194712753
2022-01-24,0.028967427688310947,0.12671623622812334,-0.3208658591662273,-1.2469724712685535,11.716974032823895,-1.718558685438515
2022-01-25,-0.41270497543506307,-0.01712811887507012,-0.2035166326472886,-15.24720827391931,-1.1351690942290529,-0.36572674582416365
2022-01-26,0.32792848812492853,0.07400799411933096,0.45435316889727967,-1.7945833165186214,-5.3208477626255375,-3.2325112350139555
2022-01-27,0.2553571604249533,0.047989724768917816,0.4759895405391396,-0.22130229707986895,-0.3515602558888587,0.04762016229439241
2022-01-28,0.11264534813747737,-0.12918655333028753,-0.38946703652304715,-0.558871394285485,-3.6919627889585147,-1.8182260393409255
2022-01-29,0.05336028671128594,0.21502604709419315,0.21850512637072786,-0.526298355026941,-2.664461521350773,-1.561036251800472
2022-01-30,0.15917528776635048,-0.14488531343343555,-0.4753453922229734,1.9830290947946536,-1.6738035479486255,-3.175442746439167
2022-01-31,0.08946647846620409,0.042235279603216665,-0.44597814301793287,-0.4379373851201717,-1.291508356522421,-0.061780864368335006
2022-02-01,0.16007008312393728,-0.08962317321241539,0.0588107907902275,0.7891626659297164,-3.1219978665795227,-1.1318692220929372
2022-02-02,0.28636239913927436,-0.07491963034943691,-0.1559911980307469,0.7889813858443047,-0.16405961020962395,-3.65242476652206
2022-02-03,0.46109489044906987,-0.07907766152712187,0.06034829762172372,0.6101795900404269,0.055499889125069715,-1.3868698899910281
2022-02-04,0.11029937184636998,-0.08425372754744756,-0.1618278212787484,-0.7607881281465791,0.06545547655769282,-3.6815639820218364
2022-02-05,-0.0031259499083159392,0.057702429009628575,-0.028797031905216514,-1.0283405957440075,-1.6848649987281976,-0.8220514144127687
2022-02-06,-0.08243432015684628,-0.08157351195135275,0.17498195551892815,25.370966450085117,-2.4136928609667527,-7.076388570005042
2022-02-07,0.22133727775818057,0.09181227754067811,0.17756018254534828,-3.685013685283583,-2.125515811988472,0.014734245132728788
2022-02-08,0.03009977627451213,0.024939615946566168,-0.3799771984420377,-0.8640094584184898,-0.7283629530318917,-3.1399910328713077
2022-02-09,-0.055112174779674214,0.032037212470503756,0.1673587010835841,-2.830982871003665,0.28459125189194534,-1.4404440628800341
2022-02-10,0.23022349640299955,0.15723692980818058,0.23400371732184377,-5.177361850142552,3.9079466558754623,0.398216619791851
2022-02-11,-0.18387839269019451,-0.04203146533349755,0.0036099286252074397,-1.798695161715035,-1.2673129358654698,-0.9845731996631386
2022-02-12,0.36040869717408125,0.10318055491968267,0.43400433986039405,-2.9600383269681494,-3.454840774667247,119.22518584711757
2022-02-13,0.09016759394420297,-0.025118715294473515,-0.029355738059137812,-0.7498184848168327,-1.2434442741079101,-1.067639273074045
2022-02-14,0.017799230788322108,0.07184612560626222,0.3354134206362982,-0.8025983614541545,-3.8602627468797905,-12.425821417284762
2022-02-15,0.27448046447066593,-0.019623453966513098,0.16232613988817834,14.420917214621978,-1.2731316936149817,-0.516041607457935
2022-02-16,0.10236195005723377,-0.017134513395280104,0.4799402804198646,-0.6270701805513256,-0.12683498916553143,1.9566419847751026
2022-02-17,-0.30137672897527035,0.04857947922552494,0.0023469711528568,-3.944226138782635,-3.8351828910943397,-0.9951098683552804
2022-02-18,0.1873244649014571,-0.15127761791801425,-0.333036416875541,-1.6215624727841151,-4.114023046968544,-142.9005156796067
2022-02-19,-0.10723767897337687,0.06794358366744704,0.21016070852179486,-1.5724702271526025,-1.4491317658390777,-1.6310442278158845
2022-02-20,0.18112439363585237,-0.10415197685324848,0.4950990296451956,-2.688999569645841,-2.5329185072578015,1.3558115745210813
2022-02-21,0.21957533969813292,-0.018270714698466542,0.43351884524522166,0.21229026797784928,-0.8245764002712093,-0.12437952957432441
2022-02-22,0.15708538453976156,-0.04151531704127222,-0.47371348218361126,-0.2845945962979317,1.2722327903656987,-2.092717161847147
2022-02-23,-0.06316185992942461,0.13135387638279106,-0.06152670120924161,-1.4020861655238017,-4.163985867004372,-0.8701183235789902
2022-02-24,-0.19320613762122918,0.02513784840477811,0.16851652210002435,2.0589051341602764,-0.8086249976245735,-3.7389169057988165
2022-02-25,0.227786840120772,0.020454467250795142,-0.10571279721695565,-2.178983457385482,-0.1863079559781564,-1.6273141404746592
2022-02-26,-0.004562220116910064,0.01499301819658032,-0.20060040878084745,-1.0200284621995335,-0.26700519682332546,0.8975981533167912
2022-02-27,0.05729832453752701,0.0047559843075676775,-0.005834534373378289,-13.559307326086332,-0.6827867314499462,-0.9709146436498421
2022-02-28,0.05407931917856758,-0.061642786049570186,-0.08293315428503442,-0.05617974670186335,-13.961099545994038,13.214185567821891
2022-03-01,-0.1733501111530888,0.30715851752616297,0.47209581958698854,-4.205478800143437,-5.982878568777874,-6.692485998596341
2022-03-02,0.0786365776311166,0.04281262952363045,-0.08335333067591069,-1.453628654219155,-0.8606171501658463,-1.1765601965059382
2022-03-03,0.030745022195654427,0.0022040151675819172,0.32110391416827766,-0.6090239031016963,-0.9485195094974157,-4.8523225354578114
2022-03-04,0.42208108257500515,0.08959557532358925,0.3868963123936008,12.72843642424376,39.65107021104891,0.2048944136845494
2022-03-05,-0.10291137876728017,0.08600359348852016,-0.22123193033286154,-1.2438189793758228,-0.040091062779563105,-1.5718119383567446
2022-03-06,-0.11099781783302935,0.0827569354735827,0.1448289310254759,0.07857672458198764,-0.03775025999780835,-1.6546475041264113
2022-03-07,-0.08813429298680144,-0.012196855268776952,-0.6138384347070918,-0.2059817507459545,-1.1473816689680392,-5.2383688836252995
2022-03-08,0.09368322898368911,-0.015047524321896433,0.001290871558679671,-2.0629600103301295,0.23372164302195036,-1.002102950036512
2022-03-09,-0.01122599495439771,0.07787249071039906,0.1756913521206435,-1.1198292914983987,-6.1751031627895605,135.10289183251052
2022-03-10,0.2666923200838285,0.12011952043029782,-0.3903168725419968,-24.756675570155455,0.5425154548736825,-3.22160549071291
2022-03-11,-0.3394580668127505,0.09155786964907422,-0.24520830701503588,-2.272845302429593,-0.23777692983545637,-0.3717711831976921
2022-03-12,-0.16575708602580835,-0.1263408172576417,-0.10771229497877674,-0.5117008484077589,-2.3799012334153757,-0.5607314601614538
2022-03-13,-0.029262481512066715,-0.12097552931992983,0.10348454568334386,-0.8234616557658925,-0.04246678194878748,-1.960749612694949
2022-03-14,0.2520390177842107,0.10059845843024008,0.6868433804252994,-9.613043213039862,-1.8315603907315758,5.637158967939005
2022-03-15,0.21602954466232788,-0.041823736349738974,-0.29738193837455773,-0.14287261329003106,-1.4157492769011129,-1.4329690681308107
2022-03-16,0.005042631136749215,0.03789802017991263,0.1944187764841619,-0.9766576782604839,-1.9061366460184554,-1.6537679374437597
2022-03-17,0.016825468766321662,-0.016035040073605997,0.08587958159055126,2.33664476144261,-1.423110231022178,-0.5582752697883203
2022-03-18,0.08348418928193532,0.03797643079055586,0.10360710792695174,3.961774940204915,-3.368340248370557,0.20642306364416338
2022-03-19,0.14503461597295542,0.0030816886718877043,-0.21419929103356083,0.7372704606755839,-0.9188525986319369,-3.067418880030723
2022-03-20,0.057935986444360134,0.06319955956956196,-0.014223216964108235,-0.600536836977157,19.508093548219698,-0.9335982070926663
2022-03-21,-0.009156039597508145,0.09590909466810571,0.029660394004413566,-1.1580371744649816,0.5175595418911314,-3.0853505981987395
2022-03-22,0.3928449662783241,0.2076724323918847,-0.261778643922171,-43.905555627483146,1.1653048974191347,-9.82586535712295
2022-03-23,0.05073176614530972,0.18084661061955146,-0.41244520724825356,-0.8708605925998626,-0.12917372548375627,0.5755494835968248
2022-03-24,-0.1905624928084383,-0.10149063671774472,-0.23286413195217803,-4.756275550561653,-1.5611973393919525,-0.43540589668674334
2022-03-25,-0.015235257426184659,-0.011377992570936399,0.06269091596673078,-0.9200511223291994,-0.8878912090917342,-1.2692167120851623
2022-03-26,0.09824843909529576,0.030488751037441697,0.10790364296260543,-7.448754776301798,-3.679624797376054,0.7212006125395972
2022-03-27,0.1558485820869357,0.06601494856032408,-0.31758741102794646,0.5862703114883164,1.1652231171835952,-3.9432501286171404
2022-03-28,-0.030645925327747126,0.03170942787022424,0.004532056092170514,-1.196639102630091,-0.5196629163279838,-1.0142702636653684
2022-03-29,0.22900083975038182,-0.04068272845641596,0.17094594366801175,-8.47247267952592,-2.282985256716594,36.71929124251891
2022-03-30,0.07888354724355598,0.187791077012295,-0.14240423863398702,-0.6555316245584883,-5.615990228223716,-1.83303666397926
2022-03-31,0.09735331185152096,0.012053560619027761,0.7412093664834281,0.23413963054854617,-0.9358139864215241,-6.20496702621692
2022-04-01,0.572198086739733,-0.07500151980816247,0.19629865923059667,4.877541049783953,-7.222353890166281,-0.7351643569185988
2022-04-02,-0.13556353718332076,0.21775074007351544,0.13572092265100677,-1.2369171451721097,-3.9032843685097895,-0.3085998489089414
2022-04-03,0.09973508946055078,0.11037835150628564,0.2989119185134914,-1.7357073408735295,-0.4930976975370073,1.2024011675938464
2022-04-04,0.38086013971708593,0.12226778506961582,-0.2612499909045494,2.8187175825187523,0.10771526663589572,-1.8740032588990185
2022-04-05,0.10178093297466873,0.03322757864492954,0.35054417592454035,-0.7327603433368622,-0.7282393017423952,-2.3417959354211635
2022-04-06,-0.1892956477375986,-0.19448543491425196,0.1368100046606564,-2.859834078989142,-6.853132934919109,-0.6097210735285281
2022-04-07,-0.25061698800931986,0.033289379524210926,0.292507993349324,0.3239447974880269,-1.1711664399901622,1.1380599618782334
2022-04-08,0.07725557281570825,-0.008088500091915314,0.5078069551579698,-1.308261516624864,-1.2429753935795846,0.7360447122945039
2022-04-09,-0.1682824173693797,0.007218938195197724,-0.31802492636940016,-3.178256030420153,-1.8924940487313906,-1.626271308691446
2022-04-10,0.04329064818621866,-0.08227594552649141,0.25626034939866044,-1.257249978119792,-12.397236449707256,-1.805786993881739
2022-04-11,0.31420154700736314,-0.045523353774093916,0.21778041629906528,6.2579543197366005,-0.4466991113528292,-0.15015952795620557
2022-04-12,0.1767963686840679,-0.02733542753155814,0.4746800138728122,-0.4373154099081353,-0.3995295762432605,1.1796267173121826
2022-04-13,0.03815170472727614,0.11604373482699398,-0.10938893676609687,-0.7842053826600218,-5.245177240890932,-1.2304477407287828
2022-04-14,-0.3946240490642828,0.04479049226944759,-0.0670787641731499,-11.343549570988127,-0.6140205902867195,-0.3867865786411067
2022-04-15,-0.12771063128651072,0.17252826183400286,0.6043221529024565,-0.6763739270596072,2.8518947457893318,-10.009142615426311
2022-04-16,0.27749555758519723,0.0494709837558604,-0.4728458909847903,-3.1728461819490463,-0.7132586671309618,-1.782440108663553
2022-04-17,-0.15040905820204659,0.041413920771245644,0.3203820920551966,-1.5420233012410216,-0.1628644181481494,-1.6775613326953962
2022-04-18,0.40054435841585917,0.033256600005211634,-0.32367358069039753,-3.663033484843728,-0.19697050204668787,-2.0102736348779255
2022-04-19,0.1006438418282888,0.09292627141685551,0.2021387528187809,-0.748732344586422,1.7942204375159534,-1.6245142170319178
2022-04-20,-0.07940067498973218,-0.05928288839717816,-0.4401563703915102,-1.7889273059071,-1.6379561720629314,-3.177496221054229
2022-04-21,-0.2274905221420082,-0.021746299013372335,0.18820222465030276,1.8650955696714984,-0.6331774715887923,-1.427580372136613
2022-04-22,0.12530174991618367,-0.008925522022598179,-0.010934496352390369,-1.550799869534633,-0.5895613310058113,-1.0580997189204735
2022-04-23,-0.29628287826482913,-0.13380783413581118,-0.014451281879781286,-3.364554991953564,13.991597555529905,0.32162300064438903
2022-04-24,0.02934111082825783,0.10177544933924579,0.4052398181504494,-1.0990307337369378,-1.7606090480169239,-29.041790446106955
2022-04-25,-0.15204450341657416,0.021415747346822556,-0.08658682404280363,-6.18196138880138,-0.7895784544714911,-1.2136681050692244
2022-04-26,-0.12343743228302571,-0.15402397361295042,-0.5453188973724836,-0.18814932793177205,-8.192089592698846,5.297943173235097
2022-04-27,-0.10225972992204284,0.06625302798970983,0.6218344238136786,-0.17156629046224167,-1.4301475051942125,-2.140313359412026
2022-04-28,0.15633098114021315,-0.11307584810446394,0.33326717552003227,-2.52876387664422,-2.706727247576163,-0.46405801487135145
2022-04-29,-0.09044199217303008,0.06407324896276885,-0.651445588914914,-1.5785289103502311,-1.5666395612931903,-2.9547247276855098
2022-04-30,-0.1083216054433999,0.17849880541764046,-0.12676447447016215,0.19769150193157234,1.785855381258426,-0.8054104953242396
2022-05-01,-0.15565977196314068,-0.0036590752162993442,-0.48786451140516957,0.43701500107913255,-1.0204991580069014,2.848590178315323
2022-05-02,-0.02597408691328283,0.09904757230254325,-0.05058198373208511,-0.8331355199503095,-28.06901783853363,-0.896319608109234
2022-05-03,0.01706457278804223,-0.047381167989027154,0.14148891404363806,-1.656984510947933,-1.4783677871911913,-3.7972195553471138
2022-05-04,-0.04696567838568154,-0.015083610238169037,0.06271707613966698,-3.7522328844113875,-0.6816538958756314,-0.5567350519043226
2022-05-05,0.12447602927712814,0.1814450511717581,0.4846148904922763,-3.6503615737205504,-13.02928531742433,6.727000688186889
2022-05-06,0.05220951970550933,0.08460759903841159,0.34909319482120066,-0.5805656718911537,-0.533701258358813,-0.2796482285829299
2022-05-07,0.14146990190092207,-0.022154078671512666,0.425676545383249,1.709657217666258,-1.2618450224719744,0.21937795321754405
2022-05-08,0.09156165142537792,0.0700662685829547,-0.26697644748124433,-0.3527835235971055,-4.162680318231922,-1.6271814841028596
2022-05-09,-0.2559887095451292,0.16524150554183176,0.02338016768326287,-3.795807038864498,1.3583602906753154,-1.0875738961389294
2022-05-10,0.13237975579839983,0.021157818541265982,0.05197011777883403,-1.517131228301544,-0.87195820764348,1.222829129494987
2022-05-11,-0.21890168590359793,-0.02726971675892402,0.25135823461887863,-2.6535888330007324,-2.288871851591763,3.83659159074005
2022-05-12,-0.17903863278555937,-0.027482345506640825,-0.12738610312974769,-0.1821048246087691,0.007797248119462839,-1.506791047935615
2022-05-13,0.21499446375183578,0.17205603119372032,0.017052233170988453,-2.200827220398527,-7.260602143734229,-1.133862585886783
2022-05-14,0.18755071987498884,0.00529610829031962,-0.39150260429746425,-0.12764860730797592,-0.9692187001317224,-23.95902245598782
2022-05-15,0.00031477851384111716,0.0025283727453538733,-0.026500672617238638,-0.9983216352672443,-0.5225979895510622,-0.9323103541934464
2022-05-16,0.1845729176272407,0.09427663870756196,0.09269244862616431,585.3580565743536,36.287476255549855,-4.497739471181122
2022-05-17,0.3900576988934789,0.045843286943879555,-0.14827909644446427,1.113298656746764,-0.5137365144499743,-2.5996890646668005
2022-05-18,-0.03542096195802791,-0.09912205267033344,0.12986871701475566,-1.0908095444815231,-3.1621934044929345,-1.8758396842767115
2022-05-19,-0.09423789124858774,0.13701262928631625,-0.187154122973602,1.660511912698898,-2.382261823632746,-2.441102424630387
2022-05-20,0.08915309055565204,0.027432070710008465,-0.0278494462395657,-1.9460429278969897,-0.7997843640188563,-0.8511951230511023
2022-05-21,0.0018057747251167613,-0.01642026400369747,0.45671690539816767,-0.9797452369417352,-1.5985790929631358,-17.399496832698603
2022-05-22,0.06573361058590299,0.1271521725827088,-0.4818666377476745,35.40188871380546,-8.743613169317925,-2.0550663486554788
2022-05-23,-0.013759938938681368,0.051634476499734995,0.21380075258932124,-1.2093288169634224,-0.593915892658867,-1.4436927893341234
2022-05-24,-0.10631157742123772,0.01251726318986714,0.20423914243775507,6.726166365635463,-0.757579353207321,-0.04472206030973415
2022-05-25,0.16972123468220113,-0.02081204571275111,-0.017243590628331085,-2.5964510996738923,-2.6626674215493593,-1.0844284323882056
2022-05-26,0.22493999308010226,-0.14924973907667555,-0.0019716654585974075,0.3253497330566615,6.171315167025283,-0.8856580684907946
2022-05-27,-0.1545502153788526,0.12189830158327364,-0.12796541817148446,-1.6870730867490358,-1.8167404669340803,63.90219606652529
2022-05-28,0.42677723931076034,0.0009318665122602758,0.19086541806376672,-3.7614147173110775,-0.9923553773911797,-2.4915390485263056
2022-05-29,0.11949560078084019,0.09922481349551106,0.18117638205242892,-0.7200047477371941,105.47964294246147,-0.050763706226241406
2022-05-30,0.17873906595120664,-0.1291395721980995,-0.19097170344001363,0.4957794662166801,-2.301484655387554,-2.0540651120009126
2022-05-31,0.11519542824716739,0.1748772574433319,-0.043258359822188855,-0.3555106286690891,-2.354172500858769,-0.7734828823172917
2022-06-01,0.03753027835313941,0.02044531997775805,0.43577495352988543,-0.6742034043867339,-0.883087599401636,-11.073774302149106
2022-06-02,0.1094476958714917,-0.14417766185636674,0.16834326164526286,1.916250576178751,-8.051866246809245,-0.6136922044701271
2022-06-03,-0.0001944794428790711,0.043642431755505195,0.08502975997470429,-1.0017769167393658,-1.3026989839728629,-0.4949025037076855
2022-06-04,0.0807674381655796,-0.21763532656751186,0.30811362642802537,-416.3006455073066,-5.9867827665230555,2.623597508915547
2022-06-05,-0.053624882338711904,-0.09121179122041802,-0.009215920747488282,-1.6639418502884378,-0.5808962053220549,-1.0299107860120593
2022-06-06,0.23140753478832143,0.03254061865202728,-0.31206299462701914,-5.3153014924429565,-1.3567589038284664,32.86129320958724
2022-06-07,-0.08070161052131421,-0.04470955237812628,0.15227259042534597,-1.3487423631003868,-2.373961351387549,-1.4879546535382824
2022-06-08,0.054754001928664565,0.0026507115141125304,0.11741451502413949,-1.6784747116565093,-1.0592873641787872,-0.22891890985657196
2022-06-09,-0.09849262030940108,0.008176934783915572,0.527994868166309,-2.798820485080172,2.0848075093729106,3.496844943385045
2022-06-10,0.22218384533842367,0.0559915637625399,0.4367376590063483,-3.2558425660771695,5.8475003460560835,-0.1728373032807893
2022-06-11,-0.11284625152616172,-0.11435027748731197,0.4032484496591882,-1.5078958434366718,-3.042276903932729,-0.07668037929990669
2022-06-12,0.22169402369609448,0.010134808563749646,0.004553358437398888,-2.96456701660753,-1.088629505642207,-0.9887083051621222
2022-06-13,0.24844831394304606,-0.006259556087817884,0.4825081389322268,0.12068115234187482,-1.6176294350745972,104.96752826862016
2022-06-14,0.45848947662046785,-0.04859601303354713,0.13688984212788535,0.8454119061784872,6.7634919076966,-0.7162952682397904
2022-06-15,-0.017349344344327805,0.011017643158113464,0.2032230747241492,-1.037840223667095,-1.2267190757091058,0.48457381179747394
2022-06-16,0.09542352294034459,0.25350507073102774,0.04819765088875767,-6.500122716253675,22.009010828631254,-0.7628337679951936
2022-06-17,0.0664859066140957,-0.10864534068517112,0.03560782778707098,-0.30325453760850624,-1.4285726528935796,-0.2612123800544671
2022-06-18,-0.07661765671339286,0.1037457724532634,-0.16962961533541998,-2.1523894403381596,-1.9549030984577098,-5.763829356561077
2022-06-19,-0.2329369026697754,0.06978496729395703,0.0447244966513616,2.0402509377327083,-0.32734640030373696,-1.2636597186341836
2022-06-20,-0.012787979840523891,-0.013695119387328078,-0.4597484159691054,-0.9451010995082525,-1.1962474142839357,-11.27956601843855
2022-06-21,-0.04510107771266662,-0.15024576190724662,0.013664246736966174,2.526833657474623,9.970752255454387,-1.0297211393500143
2022-06-22,-0.3868951958995833,-0.10687204260087499,-0.04540320030281157,7.578402457795901,-0.2886851432997368,-4.32277374500135
2022-06-23,0.1290675833307775,-0.17543738064717118,-0.4991642682636131,-1.3335983095646304,0.6415647757604928,9.994032687883074
2022-06-24,0.10577113196623004,-0.013434570428856714,0.5584498990194753,-0.18049808296822875,-0.9234224178490473,-2.1187697808621047
2022-06-25,0.09410147561618291,-0.05468424457948187,0.6116750065305945,-0.11032931323617626,3.07041258736663,0.09530865276289187
2022-06-26,-0.007047260180511675,-0.0492049016636128,0.11293593592143852,-1.0748900071371434,-0.1001996636874999,-0.8153661099183889
2022-06-27,0.18929941189897925,0.00015518617002804186,-0.06807098554452168,-27.861419480788197,-1.0031538762355214,-1.6027398187223048
2022-06-28,-0.1983556373350181,0.03219324930906236,-0.46266396010213057,-2.047840747867044,206.4492160174138,5.79678656627538
2022-06-29,0.045918588200630536,-0.12401524706183811,-0.20854319018492973,-1.2314962600386048,-4.8522127999961775,-0.5492555976504093
2022-06-30,-0.26989865288868886,-0.06268934518527078,0.154459300464514,-6.877764614831576,-0.4945029206448156,-1.7406585673094586
2022-07-01,-0.11677342041404833,-0.08562695433350574,0.18653703070213543,-0.5673434484972854,0.3658932643249923,0.20767755739636454
2022-07-02,0.14642304904207548,0.08502267707949335,-0.6222770115903953,-2.2539073405822765,-1.992942908471802,-4.3359435885095365
2022-07-03,-0.10353151380189198,0.2581410575220294,0.2899710116034615,-1.7070711508824106,2.0361436076715886,-1.4659838081795165
2022-07-04,0.10655727085195621,0.2047423137230082,0.35285068092669786,-2.0292254690282423,-0.20685877834239622,0.2168481220778889
2022-07-05,0.17515710718803462,0.18943488067322892,0.13356355175292237,0.6437837210694575,-0.07476438441781212,-0.6214728808170581
2022-07-06,0.13327475924212287,0.05263121974170115,0.17615746891416148,-0.2391130375369252,-0.7221672188635161,0.31890374733395155
2022-07-07,-0.12301393361215072,-0.22845980701998028,0.16567086376919837,-1.9230099856242762,-5.3407659587065455,-0.05952972195617235
2022-07-08,0.07277240319334863,0.06558082940337809,-0.045411018187992466,-1.5915785395725326,-1.2870563109494468,-1.2741038294534162
2022-07-09,0.05821313842021425,0.0028471874451340175,0.3391528821067517,-0.20006574105367858,-0.9565850650100599,-8.468515255542766
2022-07-10,0.013678900608419274,-0.1091392318925889,-0.34947271676891517,-0.7650203892173363,-39.332295992353146,-2.0304282676239067
2022-07-11,-0.09566545738795319,0.17465793822019138,0.12835888515306965,-7.993651034285001,-2.6003222231954477,-1.3672930074193617
2022-07-12,0.3519573552547919,0.07018975161212379,0.42065555355501494,-4.679043249931846,-0.5981301947831565,2.2771829784387556
2022-07-13,-0.4281884104041938,0.16396273291978225,-0.0515188750375483,-2.2165917376388284,1.335992493973453,-1.1224728274764366
2022-07-14,0.3096278900645716,0.19559675088426995,0.07851489667977118,-1.7231113279602652,0.19293419547943522,-2.5240025451360784
2022-07-15,0.1864021133615964,0.015595462584698332,0.02968332706082808,-0.3979802228968359,-0.9202672717507164,-0.6219401882181196
2022-07-16,-0.2217147223974799,-0.13246422620294943,0.2719996242002489,-2.18944317958124,-9.493767048174526,8.163380629228593
2022-07-17,0.28008605335682074,-0.0429293106786522,0.1998853654470787,-2.2632722370808347,-0.6759177031474152,-0.26512631760137645
2022-07-18,-0.40540967879858825,-0.008224584547853214,-0.18915409273201567,-2.4474468612048637,-0.8084156391557641,-1.9463128644207612
2022-07-19,0.1847739037658782,0.01364907839936326,0.24392924059325927,-1.4557708249922563,-2.6595462445487232,-2.289579501400725
2022-07-20,0.2871731309421186,0.11961291016585734,0.2809474925433725,0.5541866307375719,7.763442238813529,0.15175815683302782
2022-07-21,0.05231297354608772,0.07916257577512054,-0.08106250359327999,-0.817834720906979,-0.338176993893449,-1.2885325754625327
2022-07-22,0.06622692723496879,-0.19611282182714598,0.021390783947531716,0.26597520167005745,-3.4773426067419715,-1.2638801295214992
2022-07-23,0.040539353775761164,0.09174817679509067,0.05320183762043667,-0.38787204135365966,-1.4678336476946807,1.4871382811837353
2022-07-24,0.1476223769723024,-0.059792886462439895,0.07410860173185285,2.641458563667759,-1.6517065357710667,0.39297071391731725
2022-07-25,-0.1304786482270588,0.09269086455024074,-0.28174425282085697,-1.8838676825501854,-2.5501988620078806,-4.801775316720887
2022-07-26,-0.005174979791668477,0.14973240010267297,-0.25816031553642727,-0.9603384932171969,0.6153954419263649,-0.08370689747281272
2022-07-27,-0.2635065846011622,-0.03764651057867903,0.36763352116670983,49.919345622450145,-1.2514252797181133,-2.424051254364211
2022-07-28,0.16454331807113587,0.012180516029707603,0.188211508849011,-1.6244372159435219,-1.3235496688132895,-0.4880458445364039
2022-07-29,-0.025389805597805987,-0.08543628647273466,0.21595322325379196,-1.1543046894607376,-8.01417626842412,0.14739648268287464
2022-07-30,0.523868137143944,0.04002199577300367,-0.477865152133275,-21.633010958902855,-1.468442595357605,-3.2128178729320456
2022-07-31,0.17769783179646903,0.142282935361185,0.21447475199669305,-0.6607966409920389,2.5551184445719257,-1.4488185653196086
2022-08-01,0.38446232311959583,0.02565953680759218,-0.47027652493563094,1.163573518217994,-0.8196583677272647,-3.192689445062895
2022-08-02,0.07964204536857288,-0.025695357887324216,-0.15728072330254056,-0.7928482439518569,-2.0013960142772897,-0.6655569330744963
2022-08-03,-0.16633254423213034,0.058442371470394716,0.2853981239458633,-3.08850166344128,-3.274433060114136,-2.814577895835842
2022-08-04,0.06070524959000779,0.049080023175217986,0.24325259692460557,-1.3649631518008212,-0.16019795329351813,-0.1476727542513637
2022-08-05,-0.07535570895831069,-0.07094169709638379,0.04763757107109583,-2.24133760205665,-2.4454291686684537,-0.8041641829383605
2022-08-06,0.004802715964991641,-0.09605985066909342,0.28791406990389334,-1.0637339364380298,0.3540675597115088,5.043844457858718
2022-08-07,0.4488065739004287,-0.12519389259444277,-0.08125523915536026,92.44849397130855,0.30329051859251976,-1.2822204527291199
2022-08-08,-0.15757245894772182,-0.037926919563375946,-0.1482916105492719,-1.3510921365930806,-0.6970545545201821,0.8250098343288104
2022-08-09,0.31975736970124424,0.12961866733010977,0.3424147169899373,-3.0292719415347253,-4.417590166096056,-3.3090633092569006
2022-08-10,0.20009068839640898,0.004022080652570842,0.4327642910544478,-0.3742421368321933,-0.9689698965788045,0.2638600783831544
2022-08-11,-0.061350648057161866,0.16835490507019404,-0.082817592609883,-1.3066142085313697,40.85766512727302,-1.1913688220626857
2022-08-12,0.10865604977939809,-0.02454308884049928,0.09333917834465133,-2.771066047715758,-1.1457818459774978,-2.1270452980241874
2022-08-13,0.21857386078878788,0.14408307647452928,0.173427101063245,1.011612434213773,-6.87061707721049,0.858031151965706
2022-08-14,-0.12589028785898027,0.0774044473745929,-0.3873521415345392,-1.5759622280755268,-0.4627790489448891,-3.2335156337144824
2022-08-15,0.06394720538399122,-0.011203592512514036,-0.4692510930337594,-1.5079597995329361,-1.144740940508174,0.2114328093676423
2022-08-16,0.04590866656133639,0.13672832318095732,0.015193581735107091,-0.28208486538757593,-13.203971451856749,-1.0323783619487787
2022-08-17,-0.08202918823536577,0.04410275815360259,0.14997956388455103,-2.7867909129046575,-0.6774424118751647,8.8712447465893
2022-08-18,0.28337133824550353,-0.01000786658842704,0.17682502261419247,-4.454518377439359,-1.2269215579118953,0.17899411115974528
2022-08-19,0.06290714133596532,-0.06285932242922719,-0.2908226113182212,-0.7780045726379545,5.280991245618407,-2.6446914979491085
2022-08-20,-0.14024064076378395,-0.03827132060728104,0.009298187207854428,-3.229327828057026,-0.39115919280914274,-1.0319720229651614
2022-08-21,0.3316343905879819,0.09456258419319825,0.058245142745921956,-3.364752391188617,-3.4708471694391414,5.264139605268511
2022-08-22,0.12175882428210627,0.031081716406821874,-0.31285826948399065,-0.632852238073892,-0.67131062806702,-6.371405317843357
2022-08-23,-0.18339835020213663,0.06708824071021216,-0.27767112101549174,-2.5062427818555153,1.1584471022162568,-0.11246993255615216
2022-08-24,0.24642641172728164,0.098402245082452,-0.37235795147820855,-2.343667549111959,0.46675846677066357,0.3410035228598154
2022-08-25,0.20737541748282828,0.11082889537404937,-0.5156299163144507,-0.15846919155593928,0.1262842151740032,0.384769451726417
2022-08-26,0.16189866619650162,0.02585422844540841,0.05911038514777929,-0.2192967316875558,-0.766719424946446,-1.1146372296826386
2022-08-27,-0.006928238705799741,-0.09300107681987137,-0.03609237859646777,-1.0427936737748704,-4.597132168002791,-1.6105928510909682
2022-08-28,0.2122000861636772,-0.12351932082550696,0.3300481679694102,-31.62828738652452,0.328149361805183,-10.144539118896166
2022-08-29,0.3237702201040812,0.0503770336444508,0.3719583045943676,0.5257779860388281,-1.4078473983484523,0.12698187928993956
2022-08-30,0.2344156841670939,0.13208320356646688,-0.11156655356811987,-0.27598132993288516,1.6218932321160258,-1.2999437092546886
2022-08-31,0.22751592157239126,0.13225440901102764,0.11060094178763755,-0.029433877768112265,0.0012961939136689924,-1.991344970785597
2022-09-01,-0.14013783268245456,0.1113077192149861,-0.16864715796927168,-1.6159473662939468,-0.15838178819652785,-2.5248256953642167
2022-09-02,-0.17067684733555882,-0.007908928692529342,0.16630181595340462,0.21792127128370947,-1.0710546289898688,-1.9860932016637103
2022-09-03,0.08487169297066638,0.116091946173881,0.46654464614175484,-1.497265412946166,-15.67859310497258,1.805409210158438
2022-09-04,-0.24102910524598853,0.135036522425517,0.6487444725573057,-3.839923380923882,0.16318596488391254,0.3905303124198564
2022-09-05,0.055707712962677604,0.01976186654368768,-0.14521120780944732,-1.2311244233588456,-0.8536553949351897,-1.2238342120080574
2022-09-06,0.06614998764701777,0.05363514306602981,0.3577923458328492,0.18744755670253693,1.7140727292868954,-3.463944424333695
2022-09-07,-0.1236846024508554,-0.10906455247344093,-0.12620722780190705,-2.869760023400873,-3.033453184587807,-1.3527387583100159
2022-09-08,0.36584522001507785,-0.002423249047546351,-0.1709803194503507,-3.9578881507133605,-0.977781515693319,0.35475853822507547
2022-09-09,-0.12582057343210634,0.05165537401124727,-0.6683763436573833,-1.343917499938692,-22.316576628205286,2.909083488707989
2022-09-10,-0.41487897540354024,0.08300137403847999,-0.07786151988433188,2.297385825597209,0.6068294079219626,-0.8835064696361479
2022-09-11,0.23326749594151408,0.07008902832823496,0.8794682596094145,-1.5622543193822291,-0.15556785486778535,-12.295287594127617
2022-09-12,-0.199289912621877,-0.09506574043400931,-0.9005018517263801,-1.854340686504578,-2.3563569463226903,-2.023916260634928
2022-09-13,0.1604704510946239,0.07264178173335922,-0.36999530011082543,-1.8052111066910481,-1.7641215584260255,-0.5891232212332536
2022-09-14,0.16299122704869518,-0.047450482579848824,0.6402030941044281,0.015708661232496035,-1.6532119869254003,-2.7303006116906534
2022-09-15,0.21228880057548632,0.023651170523987096,0.5028855805115673,0.30245538008044465,-1.4984389881427935,-0.2144905497293051
2022-09-16,0.11621150435360135,0.053669326017405636,0.001981623006378594,-0.4525782611302734,1.2692037995740646,-0.9960594952745259
2022-09-17,-0.044404883278188784,0.001572110375809791,0.2931167781913655,-1.3821040225335721,-0.9707074693783199,146.9175288376546
2022-09-18,0.15210454103640914,0.053888919074966374,-0.3413536987893624,-4.425401212823845,33.27807608432601,-2.164565539017029
2022-09-19,0.04394123945133089,0.014100214322581423,0.21107007704270508,-0.7111115871234067,-0.738346684910005,-1.6183324738864164
2022-09-20,0.21732784326492322,0.10624998143114785,-0.11628252171464779,3.9458742169900445,6.535345137342277,-1.5509190281440073
2022-09-21,0.5503337655520567,0.19883540879087278,0.6262829486069073,1.532274545609871,0.8713924097927694,-6.385873468961898
2022-09-22,0.3181779495701298,-0.07770180234652632,-0.2637998021705853,-0.42184548816306827,-1.3907845328909703,-1.4212150478587624
2022-09-23,0.22508973190167708,0.08139726425772864,0.2770665322314199,-0.29256652698346425,-2.0475595391561408,-2.050290902235991
2022-09-24,-0.0966447449374661,0.007071560699658169,0.05306338583614087,-1.4293609669395408,-0.9131228701094002,-0.8084814307640027
2022-09-25,0.16078098771687865,0.08758596333083951,-0.1273193954233911,-2.6636288690182988,11.385662380734894,-3.3993831795157576
2022-09-26,-0.09155425732531815,-0.19246571984335373,-0.21114351807088072,-1.569434599360325,-3.1974493688714785,0.6583766940515134
2022-09-27,-0.3758511411850847,-0.047344764677896695,-0.06630901248174847,3.1052284422949272,-0.7540093648030921,-0.6859528860389236
2022-09-28,0.08023265659654769,0.11441334375597588,0.12196510118589213,-1.2134692376975857,-3.416599692370859,-2.8393442553448214
2022-09-29,0.04290904257896185,-0.06125273392508271,0.04466987373780815,-0.46519229950553354,-1.5353635503890553,-0.6337487256315647
2022-09-30,-0.04033436081450577,0.09724808340154767,-0.32450044942915257,-1.9399967557020616,-2.5876529449361447,-8.26441384933888
2022-10-01,0.05863415747862819,-0.04673236632843655,0.11127070215211507,-2.453702408928249,-1.48054794185993,-1.342898453138841
2022-10-02,-0.2783495788356271,0.1523630190812908,-0.13234952452745827,-5.747225692414595,-4.2603317797022875,-2.189437308902095
2022-10-03,0.13365475740970167,0.1788999620187306,0.1022836375468393,-1.4801687071659928,0.1741691855244838,-1.772829656260826
2022-10-04,0.1516668736455975,0.05338408206320651,-0.24665619346991835,0.13476599400560035,-0.701598136406439,-3.4114921935286637
2022-10-05,-0.5219087017370795,0.06317303684813819,-0.28001265986772955,-4.441151579062889,0.1833684200721406,0.13523465974463472
2022-10-06,-0.08954853912512771,-0.0016499657997394931,-0.09028810039613169,-0.828421065165073,-1.0261181966557325,-0.67755707745935
2022-10-07,0.05265228392327258,-0.1691626515396655,0.15866376658686815,-1.5879747948729865,101.52494419361537,-2.7573054022705517
2022-10-08,-0.19939808623693206,0.03192200638097549,-0.33044147375573396,-4.78707382432839,-1.1887059944404477,-3.082652396726116
2022-10-09,-0.32925571533893877,0.04237956795665558,-0.0137861844173474,0.6512481215476921,0.32759725221759456,-0.9582794972415045
2022-10-10,-0.07344277963093425,0.04510259009054081,-0.062144121437765765,-0.7769430378593987,0.06425318296473066,3.5077100056465746
2022-10-11,-0.008673842700279398,0.04921410297674049,0.1655040402212869,-0.8818965901907946,0.09115913028378325,-3.6632292225263967
2022-10-12,0.2814281290489002,0.03073619741024769,0.09711368392284181,-33.44561133669566,-0.37545956237840616,-0.4132246935301632
2022-10-13,0.15198266740700744,0.08019801067179748,0.2917938982882697,-0.45995921615710506,1.6092365819155896,2.0046630557245058
2022-10-14,-0.15795315552318762,0.08176466707575197,-0.05791939663319354,-2.0392840066439373,0.01953485368067149,-1.198494200779941
2022-10-15,0.2748063725740979,-0.15439742000476936,-0.07529344377510233,-2.7397966610028006,-2.8883146660613903,0.2999694083821265
2022-10-16,0.08485903330778188,0.18059363575662524,-0.04022859997563322,-0.6912042740751917,-2.1696674449032027,-0.4657091247440615
2022-10-17,0.10408521391766531,0.06522236603076906,-0.6203376461444852,0.22656610452007495,-0.6388446040331943,14.420314068106487
2022-10-18,0.07271061374198368,0.10664961394519538,0.3256688292046361,-0.3014318652455279,0.6351693511836533,-1.5249864025321194
2022-10-19,0.13168797023613255,0.18757768119541718,-0.06488022912423166,0.8111244488106264,0.7588219427761711,-1.1992214891510657
2022-10-20,0.021321477403532255,0.13242424220256455,0.46083059560967504,-0.8380909253495193,-0.2940298581439129,-8.102789275409057
2022-10-21,0.21219785408388497,0.07134860098873022,0.5526384275507291,8.95230537114332,-0.46121193671177774,0.19922251867759144
2022-10-22,-0.08165468381482956,0.03861364679306943,0.3763322281644605,-1.3848044748961044,-0.4588030282588358,-0.3190263119552697
2022-10-23,0.07656270110910583,0.008690476871825586,0.3163793547443585,-1.9376400413567096,-0.7749376815301113,-0.15930836886470973
2022-10-24,-0.11178537066707923,0.04766708227760256,-0.16980145494567753,-2.46004998579895,4.484978900540962,-1.536702071103473
2022-10-25,0.266090412843911,-0.05244630131713529,-0.05497327100964808,-3.3803688376754164,-2.1002624622942014,-0.6762497057093239
2022-10-26,0.2709434877811842,0.1421794675078,0.0843380339000931,0.018238443412540523,-3.7109531832962075,-2.5341643739062096
2022-10-27,0.17725929618317066,0.04117403991039509,-0.6010597024221778,-0.34577022819486825,-0.7104079749902266,-8.126792914501582
2022-10-28,0.19184947186488682,-0.023443784755911974,-0.15066240599836925,0.08230979133889502,-1.56938266944248,-0.7493387006461705
2022-10-29,0.14816583119418808,-0.08993280407269201,-0.2785975502103691,-0.2276974768086079,2.8361043239834838,0.8491510763035643
2022-10-30,0.31339024032230844,-0.06279063983629923,0.44718013795564193,1.1151316588746774,-0.3018049366553051,-2.6051115224020314
2022-10-31,-0.5892790562849279,0.08222818351513192,-0.11031904695776953,-2.8803363361886434,-2.3095611659557553,-1.2466993446133616
2022-11-01,-0.3362608060661804,-0.12652220272490114,-0.07784130317558996,-0.42936915459694913,-2.53867198953286,-0.29439833535375043
2022-11-02,-0.07167342430519179,-0.14865398754505896,0.1750742153597717,-0.7868516847274626,0.17492411879896877,-3.249117219490137
2022-11-03,0.22816821400519632,0.1771016837442392,0.19575646258034465,-4.18344234584964,-2.191368537561479,0.11813417057487097
2022-11-04,0.19611966046673357,0.15062361241848982,0.11795134397044818,-0.14046020247909236,-0.1495077334441812,-0.397458748407669
2022-11-05,0.06470194439330731,0.025041693697055913,-0.25600336530496137,-0.6700894533504341,-0.8337465600846131,-3.170414992211543
2022-11-06,-0.00500498473781099,0.12090897034884604,0.3418992405542588,-1.0773544718747077,3.8283064161535125,-2.335526351956252
2022-11-07,-0.004356852011862353,-0.08512835666706854,0.1359096880467232,-0.1294974430295882,-1.7040698173299846,-0.6024861364816205
2022-11-08,0.03162135262640971,-0.07410716713591327,0.5492722420474574,-8.257844090254753,-0.1294655501721762,3.0414502449496306
2022-11-09,-0.09244990893264833,0.10974724974957628,0.1010248644756325,-3.923654469335871,-2.4809262584319103,-0.8160750594294479
2022-11-10,-0.36464868630726605,0.011580599776651965,0.15434310942205326,2.9442838886182154,-0.8944793623250074,0.527773486489371
2022-11-11,-0.22466656299909188,0.021229339111606252,0.1636491083766965,-0.38388215442580864,0.8331813136662777,0.06029423010518636
2022-11-12,0.08253011353181378,0.08429565301512093,0.39472889450399984,-1.367344888487689,2.970714894701353,1.4120442721593767
2022-11-13,0.0101830580275434,-0.09436046221814408,0.0988309576027061,-0.8766140310273772,-2.1193989113675618,-0.7496231996725422
2022-11-14,0.1291991838651958,-0.08095279555819555,-0.28143608381540536,11.68766057462645,-0.14208987901047432,-3.8476510866843947
2022-11-15,-0.10961930891669151,-0.04945362887531854,0.46753782557979323,-1.8484520229714951,-0.38910536029892645,-2.661257573092342
2022-11-16,-0.16743293240486817,-0.1569732717062783,0.7082023650469096,0.5274036486775688,2.1741507201025847,0.5147488102565145
2022-11-17,-0.31453038673112826,-0.05718845674249605,0.537533747661662,0.8785455299233783,-0.6356802905305774,-0.24098848833121725
2022-11-18,0.2080715056758628,0.04673022450502811,-0.022275421388222166,-1.661530696090517,-1.8171268673229197,-1.0414400425742998
2022-11-19,-0.04796509415189877,0.22435148145240447,-0.05022666645812794,-1.2305221659068473,3.800993015307781,1.2548020790612124
2022-11-20,0.07896405353289396,-0.08900774530178926,-0.030934056273171,-2.6462816331148193,-1.3967334858926348,-0.3841109025429839
2022-11-21,-0.39143512497475375,-0.08174755869010654,-0.2951539488255923,-5.957130586155814,-0.08156803193998864,8.54139173405391
2022-11-22,0.24901848772670232,0.11114204172998869,-0.2795521188100773,-1.6361679671510398,-2.35957627984112,-0.05285997384617138
2022-11-23,-0.15650505878297388,-0.08682898431764798,-0.5880684516942176,-1.6284877087308398,-1.781243379787754,1.103609352693695
2022-11-24,0.05083127575093537,0.0289982844305808,-0.042514644320559986,-1.3247899853603025,-1.3339700983314036,-0.9277045993573099
2022-11-25,0.084855342050247,-0.04755912388309072,-0.07290847779660989,0.6693529878341787,-2.64006681143303,0.714902687339466
2022-11-26,-0.08495446752278697,0.13177792296894836,0.4504258752673576,-2.001168170089766,-3.7708231819594342,-7.177962959587418
2022-11-27,-0.2029534727565872,0.20404032020392962,0.3070667530792077,1.3889676278901975,0.5483649734865597,-0.3182746153361122
2022-11-28,-0.024328175433757662,0.09755277530853691,0.34472110766225894,-0.880129297107738,-0.5218946176371559,0.12262595740326956
2022-11-29,0.04632970878207588,0.04370995616345463,-0.936898450335959,-2.9043643000777197,-0.5519352881021568,-3.7178447432174266
2022-11-30,0.11210950008788349,-0.2755121168823954,0.06769993146917502,1.41981879521886,-7.303189045811667,-1.0722596258376762
2022-12-01,0.03772189089763989,0.11223510517187704,0.39492477961064965,-0.6635263660254536,-1.4073690349516843,4.833459075072563
2022-12-02,0.04684812579046782,-0.07598805901044986,-0.367554204318648,0.24193471418472626,-1.6770435942843516,-1.930694206327124
2022-12-03,0.22735199867214573,0.14186436101878114,-0.3859781845873858,3.8529582525669577,-2.866929657977867,0.05012588633801969
2022-12-04,0.04247508593293544,-0.19491580226687458,0.1880711450423761,-0.8131747854383858,-2.373958906007902,-1.4872584839047986
2022-12-05,-0.14501306250241314,0.03667422953926771,0.010979964207421623,-4.414073434280427,-1.1881542138335923,-0.9416180286191823
2022-12-06,-0.01433745729354044,0.03569480966678668,-0.1840049355001247,-0.9011298910172189,-0.026705942695601715,-17.758245475495386
2022-12-07,0.3608933318847633,-0.01224528076838518,0.33888098994769567,-26.171362292207785,-1.343054939435051,-2.8416951101154897
2022-12-08,-0.29969095937010437,0.0670899110695698,0.18604900104664618,-1.8304142329396058,-6.478838120460438,-0.4509901512169161
2022-12-09,0.0009263759840635738,-0.12569857188140124,0.4201804295800819,-1.003091104202845,-2.873583820241711,1.2584395896580725
2022-12-10,0.5254148743882457,0.022373941928418684,0.33910637582767034,566.1723829491984,-1.1779967870241905,-0.1929505708617486
2022-12-11,0.0728248725441789,-0.009403865742447892,0.37259190829062483,-0.861395487463177,-1.4203043778576807,0.09874639596859548
2022-12-12,-0.13369403699256377,-0.06320267221227836,-0.30809910936184026,-2.8358293303082527,5.720924558396159,-1.8269076770221224
2022-12-13,0.12642465475728912,-0.06740650462801022,0.2563072535915306,-1.9456267280216921,0.0665135233778166,-1.831898716365701
2022-12-14,-0.3728619398960654,-0.045399191887915996,0.30961835457089437,-3.9492818518024686,-0.3264864846730128,0.20799684844005273
2022-12-15,-0.19082831328043282,-0.07040071720950068,0.01451883266831381,-0.4882065106091926,0.5507041927818851,-0.9531073256673179
2022-12-16,0.08601857435231235,0.11094064035601395,-0.08394886037171487,-1.450764212467273,-2.575845314556573,-6.782066801756489
2022-12-17,-0.28179312879468127,-0.08933734089714139,0.23265217453430856,-4.275956744418028,-1.8052715453097574,-3.7713559600946858
2022-12-18,0.2623508134677214,-0.08118737117746058,0.3043575450818719,-1.9310050056574448,-0.09122691181355265,0.30820846910669714
2022-12-19,0.17495141915991885,0.024457483366379006,0.19615135554786328,-0.3331394065547878,-1.301247386282769,-0.3555232695312392
2022-12-20,-0.32881310881491177,-0.10510836836760293,-0.005314033073641047,-2.879453795766879,-5.297595414583512,-1.0270914929891695
2022-12-21,0.009294296641871286,0.08708887221835862,-0.10826978386490763,-1.028266198617717,-1.8285626879277257,19.374315019218308
2022-12-22,0.04052991039927627,-0.1622307395240106,0.4255181525998344,3.3607291612241994,-2.862818238330704,-4.930165346323862
2022-12-23,-0.28120645208195283,0.19004853814101139,-0.13990462696873227,-7.9382450963171705,-2.171470577639102,-1.3287865067892917
2022-12-24,-0.2491941100438278,0.10480014119178721,0.08624363526805294,-0.11383928711847471,-0.4485611822279419,-1.6164459113087646
2022-12-25,-0.2722500074120388,0.02236853219040227,-0.13724529834185706,0.09252183915645511,-0.7865600949003758,-2.591367269193679
2022-12-26,0.3087130215117905,-0.016164503576127746,0.35825768778624073,-2.1339320958936336,-1.7226448046986065,-3.6103457977400115
2022-12-27,0.05929889244240069,0.04284483214833573,0.32095695778522026,-0.8079158042896615,-3.650550445088233,-0.10411703997619849
2022-12-28,0.25884083030900423,0.2060921120123773,-0.1559227437638606,3.365019642827669,3.810197675622887,-1.4858057754529248
2022-12-29,0.010268240342785846,0.14715887102645636,-0.17369696494950093,-0.9603299049437927,-0.28595583018908344,0.11399376868687461
2022-12-30,0.1588433123108506,-0.07251136527617161,0.287120979069997,14.469380050346125,-1.4927420601312948,-2.6529994013048643
2022-12-31,0.024478252987735434,0.021324240116128032,-0.1954388267869579,-0.8458968613054834,-1.2940813489707594,-1.6806845930241552
